{
    "config_name": "stddev_0.15",
    "n_samples": 50,
    "max_edge_length": 3.0,
    "n_points": {
        "mean": 679.44,
        "std": 157.5488698785237,
        "min": 313,
        "max": 1131
    },
    "h0_features": {
        "mean": 676.0,
        "std": 158.19140305338973,
        "min": 307,
        "max": 1128
    },
    "h1_features": {
        "mean": 98.52,
        "std": 25.521943499663188,
        "min": 51,
        "max": 165
    }
}