{
    "config_name": "r0_0.1_c_10",
    "n_samples": 50,
    "max_edge_length": 5.0,
    "n_points": {
        "mean": 1954.78,
        "std": 128.93227524557224,
        "min": 1507,
        "max": 2168
    },
    "h0_features": {
        "mean": 1953.52,
        "std": 128.9589454051172,
        "min": 1506,
        "max": 2167
    },
    "h1_features": {
        "mean": 191.84,
        "std": 18.47848478636709,
        "min": 140,
        "max": 220
    }
}