{
    "config_name": "r0_0.1_c_10",
    "n_samples": 50,
    "max_edge_length": 10.0,
    "n_points": {
        "mean": 1954.78,
        "std": 128.93227524557224,
        "min": 1507,
        "max": 2168
    },
    "h0_features": {
        "mean": 1953.78,
        "std": 128.93227524557224,
        "min": 1506,
        "max": 2167
    },
    "h1_features": {
        "mean": 209.68,
        "std": 18.954091906498714,
        "min": 155,
        "max": 237
    }
}