{
    "timestamp": "2026-01-09 12:28:41",
    "total_configurations": 9,
    "total_samples_processed": 450,
    "tda_parameters": {
        "max_edge_length": 5.0,
        "method": "Union-Find for H0, GUDHI for H1"
    },
    "normalization": "unit_intensity (intensity = 1 point per unit area)",
    "configurations": {
        "r0_0.1_c_10": {
            "config_name": "r0_0.1_c_10",
            "n_samples": 50,
            "max_edge_length": 5.0,
            "n_points": {
                "mean": 1954.78,
                "std": 128.93227524557224,
                "min": 1507,
                "max": 2168
            },
            "h0_features": {
                "mean": 1953.52,
                "std": 128.9589454051172,
                "min": 1506,
                "max": 2167
            },
            "h1_features": {
                "mean": 191.84,
                "std": 18.47848478636709,
                "min": 140,
                "max": 220
            }
        },
        "r0_0.1_c_5": {
            "config_name": "r0_0.1_c_5",
            "n_samples": 50,
            "max_edge_length": 5.0,
            "n_points": {
                "mean": 1001.1,
                "std": 71.51454397533413,
                "min": 826,
                "max": 1215
            },
            "h0_features": {
                "mean": 1000.1,
                "std": 71.51454397533413,
                "min": 825,
                "max": 1214
            },
            "h1_features": {
                "mean": 87.14,
                "std": 11.032696859789088,
                "min": 72,
                "max": 115
            }
        },
        "r0_0.1_c_50": {
            "config_name": "r0_0.1_c_50",
            "n_samples": 50,
            "max_edge_length": 5.0,
            "n_points": {
                "mean": 9958.78,
                "std": 614.156927503061,
                "min": 8643,
                "max": 11143
            },
            "h0_features": {
                "mean": 9928.44,
                "std": 613.878331919282,
                "min": 8611,
                "max": 11110
            },
            "h1_features": {
                "mean": 1787.76,
                "std": 129.55656062122057,
                "min": 1467,
                "max": 2051
            }
        },
        "r0_0.5_c_10": {
            "config_name": "r0_0.5_c_10",
            "n_samples": 50,
            "max_edge_length": 5.0,
            "n_points": {
                "mean": 1939.08,
                "std": 131.6912814122484,
                "min": 1590,
                "max": 2318
            },
            "h0_features": {
                "mean": 1938.08,
                "std": 131.6912814122484,
                "min": 1589,
                "max": 2317
            },
            "h1_features": {
                "mean": 442.96,
                "std": 38.25386777830445,
                "min": 342,
                "max": 545
            }
        },
        "r0_0.5_c_5": {
            "config_name": "r0_0.5_c_5",
            "n_samples": 50,
            "max_edge_length": 5.0,
            "n_points": {
                "mean": 951.92,
                "std": 73.80537649792188,
                "min": 752,
                "max": 1089
            },
            "h0_features": {
                "mean": 950.92,
                "std": 73.80537649792188,
                "min": 751,
                "max": 1088
            },
            "h1_features": {
                "mean": 200.6,
                "std": 18.967340351245873,
                "min": 166,
                "max": 240
            }
        },
        "r0_0.5_c_50": {
            "config_name": "r0_0.5_c_50",
            "n_samples": 50,
            "max_edge_length": 5.0,
            "n_points": {
                "mean": 9730.24,
                "std": 725.8040385668849,
                "min": 7545,
                "max": 11189
            },
            "h0_features": {
                "mean": 9729.2,
                "std": 725.7879304590289,
                "min": 7544,
                "max": 11188
            },
            "h1_features": {
                "mean": 2502.72,
                "std": 209.66297145657362,
                "min": 1850,
                "max": 2945
            }
        },
        "r0_1.0_c_10": {
            "config_name": "r0_1.0_c_10",
            "n_samples": 50,
            "max_edge_length": 5.0,
            "n_points": {
                "mean": 1855.94,
                "std": 115.18114602659588,
                "min": 1645,
                "max": 2137
            },
            "h0_features": {
                "mean": 1854.94,
                "std": 115.18114602659588,
                "min": 1644,
                "max": 2136
            },
            "h1_features": {
                "mean": 479.02,
                "std": 33.79200497159054,
                "min": 413,
                "max": 589
            }
        },
        "r0_1.0_c_5": {
            "config_name": "r0_1.0_c_5",
            "n_samples": 50,
            "max_edge_length": 5.0,
            "n_points": {
                "mean": 937.54,
                "std": 80.61493906218624,
                "min": 788,
                "max": 1131
            },
            "h0_features": {
                "mean": 936.54,
                "std": 80.61493906218624,
                "min": 787,
                "max": 1130
            },
            "h1_features": {
                "mean": 231.04,
                "std": 25.12605022680644,
                "min": 173,
                "max": 280
            }
        },
        "r0_1.0_c_50": {
            "config_name": "r0_1.0_c_50",
            "n_samples": 50,
            "max_edge_length": 5.0,
            "n_points": {
                "mean": 9038.1,
                "std": 714.9199465674461,
                "min": 7399,
                "max": 10593
            },
            "h0_features": {
                "mean": 9037.1,
                "std": 714.9199465674461,
                "min": 7398,
                "max": 10592
            },
            "h1_features": {
                "mean": 2440.24,
                "std": 200.15659469525355,
                "min": 2003,
                "max": 2887
            }
        }
    }
}