{
    "timestamp": "2026-01-16 13:19:22",
    "total_configurations": 9,
    "total_samples_processed": 450,
    "tda_parameters": {
        "max_edge_length": 10.0,
        "method": "Union-Find for H0, GUDHI for H1"
    },
    "normalization": "unit_intensity (intensity = 1 point per unit area)",
    "configurations": {
        "r0_0.1_c_10": {
            "config_name": "r0_0.1_c_10",
            "n_samples": 50,
            "max_edge_length": 10.0,
            "n_points": {
                "mean": 1954.78,
                "std": 128.93227524557224,
                "min": 1507,
                "max": 2168
            },
            "h0_features": {
                "mean": 1953.78,
                "std": 128.93227524557224,
                "min": 1506,
                "max": 2167
            },
            "h1_features": {
                "mean": 209.68,
                "std": 18.954091906498714,
                "min": 155,
                "max": 237
            }
        },
        "r0_0.1_c_5": {
            "config_name": "r0_0.1_c_5",
            "n_samples": 50,
            "max_edge_length": 10.0,
            "n_points": {
                "mean": 1001.1,
                "std": 71.51454397533413,
                "min": 826,
                "max": 1215
            },
            "h0_features": {
                "mean": 1000.1,
                "std": 71.51454397533413,
                "min": 825,
                "max": 1214
            },
            "h1_features": {
                "mean": 90.84,
                "std": 10.815470401235444,
                "min": 74,
                "max": 117
            }
        },
        "r0_0.1_c_50": {
            "config_name": "r0_0.1_c_50",
            "n_samples": 50,
            "max_edge_length": 10.0,
            "n_points": {
                "mean": 9958.78,
                "std": 614.156927503061,
                "min": 8643,
                "max": 11143
            },
            "h0_features": {
                "mean": 9957.36,
                "std": 614.1063999015155,
                "min": 8642,
                "max": 11142
            },
            "h1_features": {
                "mean": 1820.28,
                "std": 132.63710491412272,
                "min": 1488,
                "max": 2088
            }
        },
        "r0_0.5_c_10": {
            "config_name": "r0_0.5_c_10",
            "n_samples": 50,
            "max_edge_length": 10.0,
            "n_points": {
                "mean": 1939.08,
                "std": 131.6912814122484,
                "min": 1590,
                "max": 2318
            },
            "h0_features": {
                "mean": 1938.08,
                "std": 131.6912814122484,
                "min": 1589,
                "max": 2317
            },
            "h1_features": {
                "mean": 445.6,
                "std": 38.26016204879431,
                "min": 345,
                "max": 549
            }
        },
        "r0_0.5_c_5": {
            "config_name": "r0_0.5_c_5",
            "n_samples": 50,
            "max_edge_length": 10.0,
            "n_points": {
                "mean": 951.92,
                "std": 73.80537649792188,
                "min": 752,
                "max": 1089
            },
            "h0_features": {
                "mean": 950.92,
                "std": 73.80537649792188,
                "min": 751,
                "max": 1088
            },
            "h1_features": {
                "mean": 200.86,
                "std": 18.993693690275204,
                "min": 166,
                "max": 241
            }
        },
        "r0_0.5_c_50": {
            "config_name": "r0_0.5_c_50",
            "n_samples": 50,
            "max_edge_length": 10.0,
            "n_points": {
                "mean": 9730.24,
                "std": 725.8040385668849,
                "min": 7545,
                "max": 11189
            },
            "h0_features": {
                "mean": 9729.24,
                "std": 725.8040385668849,
                "min": 7544,
                "max": 11188
            },
            "h1_features": {
                "mean": 2521.3,
                "std": 209.41673763097353,
                "min": 1865,
                "max": 2958
            }
        },
        "r0_1.0_c_10": {
            "config_name": "r0_1.0_c_10",
            "n_samples": 50,
            "max_edge_length": 10.0,
            "n_points": {
                "mean": 1855.94,
                "std": 115.18114602659588,
                "min": 1645,
                "max": 2137
            },
            "h0_features": {
                "mean": 1854.94,
                "std": 115.18114602659588,
                "min": 1644,
                "max": 2136
            },
            "h1_features": {
                "mean": 479.12,
                "std": 33.80925317128433,
                "min": 413,
                "max": 589
            }
        },
        "r0_1.0_c_5": {
            "config_name": "r0_1.0_c_5",
            "n_samples": 50,
            "max_edge_length": 10.0,
            "n_points": {
                "mean": 937.54,
                "std": 80.61493906218624,
                "min": 788,
                "max": 1131
            },
            "h0_features": {
                "mean": 936.54,
                "std": 80.61493906218624,
                "min": 787,
                "max": 1130
            },
            "h1_features": {
                "mean": 231.08,
                "std": 25.19828565597271,
                "min": 173,
                "max": 281
            }
        },
        "r0_1.0_c_50": {
            "config_name": "r0_1.0_c_50",
            "n_samples": 50,
            "max_edge_length": 10.0,
            "n_points": {
                "mean": 9038.1,
                "std": 714.9199465674461,
                "min": 7399,
                "max": 10593
            },
            "h0_features": {
                "mean": 9037.1,
                "std": 714.9199465674461,
                "min": 7398,
                "max": 10592
            },
            "h1_features": {
                "mean": 2441.54,
                "std": 200.05661298742416,
                "min": 2005,
                "max": 2888
            }
        }
    }
}