{
    "config_name": "r0_1.0_c_50",
    "n_samples": 50,
    "max_edge_length": 5.0,
    "n_points": {
        "mean": 9038.1,
        "std": 714.9199465674461,
        "min": 7399,
        "max": 10593
    },
    "h0_features": {
        "mean": 9037.1,
        "std": 714.9199465674461,
        "min": 7398,
        "max": 10592
    },
    "h1_features": {
        "mean": 2440.24,
        "std": 200.15659469525355,
        "min": 2003,
        "max": 2887
    }
}