{
    "config_name": "r0_0.5_c_5",
    "n_samples": 50,
    "max_edge_length": 5.0,
    "n_points": {
        "mean": 951.92,
        "std": 73.80537649792188,
        "min": 752,
        "max": 1089
    },
    "h0_features": {
        "mean": 950.92,
        "std": 73.80537649792188,
        "min": 751,
        "max": 1088
    },
    "h1_features": {
        "mean": 200.6,
        "std": 18.967340351245873,
        "min": 166,
        "max": 240
    }
}