{
    "config_name": "r0_0.5_c_50",
    "n_samples": 50,
    "max_edge_length": 10.0,
    "n_points": {
        "mean": 9730.24,
        "std": 725.8040385668849,
        "min": 7545,
        "max": 11189
    },
    "h0_features": {
        "mean": 9729.24,
        "std": 725.8040385668849,
        "min": 7544,
        "max": 11188
    },
    "h1_features": {
        "mean": 2521.3,
        "std": 209.41673763097353,
        "min": 1865,
        "max": 2958
    }
}