{
    "config_name": "r0_0.5_c_50",
    "n_samples": 50,
    "max_edge_length": 5.0,
    "n_points": {
        "mean": 9730.24,
        "std": 725.8040385668849,
        "min": 7545,
        "max": 11189
    },
    "h0_features": {
        "mean": 9729.2,
        "std": 725.7879304590289,
        "min": 7544,
        "max": 11188
    },
    "h1_features": {
        "mean": 2502.72,
        "std": 209.66297145657362,
        "min": 1850,
        "max": 2945
    }
}