{
    "config_name": "r0_1.0_c_10",
    "n_samples": 50,
    "max_edge_length": 5.0,
    "n_points": {
        "mean": 1855.94,
        "std": 115.18114602659588,
        "min": 1645,
        "max": 2137
    },
    "h0_features": {
        "mean": 1854.94,
        "std": 115.18114602659588,
        "min": 1644,
        "max": 2136
    },
    "h1_features": {
        "mean": 479.02,
        "std": 33.79200497159054,
        "min": 413,
        "max": 589
    }
}