{
    "config_name": "r0_0.1_c_5",
    "n_samples": 50,
    "max_edge_length": 10.0,
    "n_points": {
        "mean": 1001.1,
        "std": 71.51454397533413,
        "min": 826,
        "max": 1215
    },
    "h0_features": {
        "mean": 1000.1,
        "std": 71.51454397533413,
        "min": 825,
        "max": 1214
    },
    "h1_features": {
        "mean": 90.84,
        "std": 10.815470401235444,
        "min": 74,
        "max": 117
    }
}