{
    "config_name": "r0_0.5_c_10",
    "n_samples": 50,
    "max_edge_length": 10.0,
    "n_points": {
        "mean": 1939.08,
        "std": 131.6912814122484,
        "min": 1590,
        "max": 2318
    },
    "h0_features": {
        "mean": 1938.08,
        "std": 131.6912814122484,
        "min": 1589,
        "max": 2317
    },
    "h1_features": {
        "mean": 445.6,
        "std": 38.26016204879431,
        "min": 345,
        "max": 549
    }
}