{
    "config_name": "r0_0.1_c_50",
    "n_samples": 50,
    "max_edge_length": 5.0,
    "n_points": {
        "mean": 9958.78,
        "std": 614.156927503061,
        "min": 8643,
        "max": 11143
    },
    "h0_features": {
        "mean": 9928.44,
        "std": 613.878331919282,
        "min": 8611,
        "max": 11110
    },
    "h1_features": {
        "mean": 1787.76,
        "std": 129.55656062122057,
        "min": 1467,
        "max": 2051
    }
}