{
    "config_name": "r0_0.1_c_50",
    "n_samples": 50,
    "max_edge_length": 10.0,
    "n_points": {
        "mean": 9958.78,
        "std": 614.156927503061,
        "min": 8643,
        "max": 11143
    },
    "h0_features": {
        "mean": 9957.36,
        "std": 614.1063999015155,
        "min": 8642,
        "max": 11142
    },
    "h1_features": {
        "mean": 1820.28,
        "std": 132.63710491412272,
        "min": 1488,
        "max": 2088
    }
}